{
    "accuracy": 0.873015873015873,
    "precision": 0.8620689655172413,
    "recall": 0.8620689655172413,
    "f1_score": 0.8620689655172413
}